sensor_id,node_id,type,observed_source_types,source_type_count,metadata_type_missing,type_mismatch,name,room,area_or_device,measurement,event_count,non_null_value_id_count,valid_timestamp_count,non_null_value_count,finite_value_count,first_timestamp,last_timestamp,duration_hours,observation_span_ratio,events_per_hour,min_value,max_value,mean_value,stddev_pop_value,missing_or_non_finite_value_count,negative_value_count,zero_value_count,positive_value_count
6127,541383,INT,INT,1,False,False,livingroom/tv/light,livingroom,tv,light,14865503,14865503,14865503,14865503,14865503,2020-02-26 01:00:00.485394,2020-08-26 12:30:23.469574,4378.506,0.9997715,3395.108514,3,1024,962.5536611,230.9827606,0,0,0,14865503
5892,541148,INT,INT,1,False,False,bedroom/ambience/motion,bedroom,ambience,motion,14860826,14860826,14860826,14860826,14860826,2020-02-26 01:00:00.087705,2020-08-26 12:30:23.464273,4378.506,0.9997715,3394.040342,0,1,0.04452780754,0.206264592,0,0,14199106,661720
5893,541149,INT,INT,1,False,False,kitchen/ambience/motion,kitchen,ambience,motion,14855169,14855169,14855169,14855169,14855169,2020-02-26 01:00:00.596550,2020-08-26 12:30:24.166189,4378.507,0.99977173,3392.747574,0,1,0.02170853795,0.1457301524,0,0,14532685,322484
6220,541444,INT,INT,1,False,False,balcon/door/contact,balcon,door,contact,14828029,14828029,14828029,14828029,14828029,2020-02-26 12:18:07.792391,2020-08-26 12:30:23.900552,4367.204,0.99719084,3395.314027,0,1,0.05157758998,0.2211726525,0,0,14063235,764794
5891,541147,INT,INT,1,False,False,livingroom/ambience/motion,livingroom,ambience,motion,14780517,14780517,14780517,14780517,14780517,2020-02-26 01:00:00.214702,2020-08-26 12:30:24.069939,4378.507,0.99977173,3375.697926,0,1,0.007677268664,0.08728303506,0,0,14667043,113474
5894,541150,INT,INT,1,False,False,corridor/ambience/motion,corridor,ambience,motion,14716412,14716412,14716412,14716412,14716412,2020-02-26 01:00:00.698952,2020-08-26 12:30:23.509930,4378.506,0.9997715,3361.057859,0,1,0.02755963886,0.1637073766,0,0,14310833,405579
6253,541509,INT,INT,1,False,False,kitchen/fridge/contact,kitchen,fridge,contact,14700238,14700238,14700238,14700238,14700238,2020-02-27 18:38:31.785768,2020-08-26 12:30:24.290233,4336.865,0.99026335,3389.600091,0,1,0.01846058547,0.1346097777,0,0,14428863,271375
5888,541144,INT,INT,1,False,False,entrance/door/contact,entrance,door,contact,13675728,13675728,13675728,13675728,13675728,2020-02-26 01:00:00.540535,2020-08-26 12:30:23.349162,4378.506,0.9997715,3123.3777,0,1,0.001155039059,0.0339662324,0,0,13659932,15796
5887,541143,INT,INT,1,False,False,kitchen/stove/light,kitchen,stove,light,13003555,13003555,13003555,13003555,13003555,2020-02-26 01:00:00.107997,2020-08-24 01:42:03.540687,4319.701,0.98634419,3010.290527,0,1024,492.070772,414.6974196,0,0,3148,13000407
6686,541885,INT,INT,1,False,False,bedroom/ambience_under_the_bed/motion,bedroom,ambience_under_the_bed,motion,12385867,12385867,12385867,12385867,12385867,2020-03-23 22:03:08.688680,2020-08-26 12:30:23.418057,3733.454,0.85248276,3317.535719,0,1,0.006072162732,0.07768713904,0,0,12310658,75209
5896,541152,INT,INT,1,False,False,bedroom/bed/pressure,bedroom,bed,pressure,11303065,11303065,11303065,11303065,11303065,2020-02-26 01:00:00.371814,2020-08-26 12:30:23.814903,4378.507,0.99977173,2581.488393,480,687,606.7262445,28.43185593,0,0,0,11303065
5889,541145,INT,INT,1,False,False,livingroom/couch/pressure,livingroom,couch,pressure,10724353,10724353,10724353,10724353,10724353,2020-02-26 01:00:00.589294,2020-08-26 12:30:23.718473,4378.506,0.9997715,2449.317872,0,449,255.3946175,86.99520766,0,0,11992,10712361
6687,541883,INT,INT,1,False,False,bedroom/weightscale/pressure,bedroom,weightscale,pressure,9135106,9135106,9135106,9135106,9135106,2020-03-23 22:03:08.609217,2020-08-26 12:30:23.767200,3733.454,0.85248276,2446.824308,0,293,29.67088986,29.69401084,0,0,3,9135103
6633,541889,FLOAT,FLOAT,1,False,False,kitchen/sandwichmaker/current,kitchen,sandwichmaker,current,8388726,8388726,8388726,8388726,8388726,2020-03-23 20:16:51.511026,2020-08-26 12:00:00.526742,3734.719,0.85277161,2246.146497,0,137744.237,2.920867661,96.10726633,0,0,1350618,7038108
6635,541891,FLOAT,FLOAT,1,False,False,kitchen/kettle/current,kitchen,kettle,current,8298548,8298548,8298548,8298548,8298548,2020-03-23 20:16:51.075804,2020-08-26 12:00:00.927742,3734.719,0.85277161,2222.000638,0,97361.388,0.6427603408,58.16399886,0,0,6861017,1437531
6632,541888,FLOAT,FLOAT,1,False,False,kitchen/coffeemaker/current,kitchen,coffeemaker,current,8155416,8155416,8155416,8155416,8155416,2020-03-23 20:16:51.608084,2020-08-26 12:00:00.400665,3734.719,0.85277161,2183.675934,0,123914.494,0.7959230901,54.41999794,0,0,8091786,63630
6634,541890,FLOAT,FLOAT,1,False,False,kitchen/dishwasher/current,kitchen,dishwasher,current,8116151,8116151,8116151,8116151,8116151,2020-03-23 20:16:50.633030,2020-08-26 12:00:00.545922,3734.719,0.85277161,2173.162425,0,137744.237,9.389643824,149.6530812,0,0,7815915,300236
6636,541892,FLOAT,FLOAT,1,False,False,bathroom/washingmachine/current,bathroom,washingmachine,current,7911053,7911053,7911053,7911053,7911053,2020-03-23 21:29:33.809194,2020-08-26 01:22:55.162682,3722.889,0.85007039,2124.976866,-141616.565,141616.557,10.63153104,243.1411004,0,6,7529509,381538
7125,542381,INT,INT,1,False,False,bathroom/ambience/light,bathroom,ambience,light,7734916,7734916,7734916,7734916,7734916,2020-05-04 14:58:50.703443,2020-08-26 01:22:56.395555,2722.402,0.62162298,2841.210078,0,1024,897.6831605,263.8484485,0,0,1,7734915
7139,542395,FLOAT,FLOAT,1,False,False,corridor/ilifeRobot/current,corridor,ilifeRobot,current,6652993,6652993,6652993,6652993,6652993,2020-05-04 16:15:05.997041,2020-08-26 12:00:00.367095,2731.748,0.62375701,2435.434381,0,137744.237,0.6844183374,58.85276138,0,0,2332408,4320585
6896,542152,FLOAT,FLOAT,1,False,False,kitchen/microwave/current,kitchen,microwave,current,5788133,5788133,5788133,5788133,5788133,2020-04-08 15:35:59.678979,2020-08-05 18:36:59.160603,2859.017,0.65281713,2024.518567,0,1343.936,0.4753948382,24.53145488,0,0,5785551,2582
5895,541151,INT,INT,1,False,False,bathroom/ambience/motion,bathroom,ambience,motion,5255577,5255577,5255577,5255577,5255577,2020-02-26 01:00:00.691329,2020-05-09 00:00:06.586448,1750.002,0.39958884,3003.183425,0,1,0.13917254,0.3461264857,0,0,4524145,731432
6223,541141,FLOAT,FLOAT,1,False,False,bathroom/ambience/temperature,bathroom,ambience,temperature,4155793,4155793,4155793,4155793,4155793,2020-02-26 12:22:36.426686,2020-08-26 01:22:56.293385,4356.006,0.99463393,954.037483,21.13,29.32,24.853301,1.280407629,0,0,0,4155793
6222,541141,FLOAT,FLOAT,1,False,False,bathroom/ambience/humidity,bathroom,ambience,humidity,3013034,3013034,3013034,3013034,3013034,2020-02-26 12:22:36.417725,2020-08-26 01:22:56.370412,4356.006,0.99463393,691.696476,15.2,98.56,38.84647376,12.50136245,0,0,0,3013034
