sensor_id,node_id,type,name,room,area_or_device,measurement
5887,541143,INT,kitchen/stove/light,kitchen,stove,light
5888,541144,INT,entrance/door/contact,entrance,door,contact
5889,541145,INT,livingroom/couch/pressure,livingroom,couch,pressure
5891,541147,INT,livingroom/ambience/motion,livingroom,ambience,motion
5892,541148,INT,bedroom/ambience/motion,bedroom,ambience,motion
5893,541149,INT,kitchen/ambience/motion,kitchen,ambience,motion
5894,541150,INT,corridor/ambience/motion,corridor,ambience,motion
5895,541151,INT,bathroom/ambience/motion,bathroom,ambience,motion
5896,541152,INT,bedroom/bed/pressure,bedroom,bed,pressure
6127,541383,INT,livingroom/tv/light,livingroom,tv,light
6220,541444,INT,balcon/door/contact,balcon,door,contact
6222,541141,FLOAT,bathroom/ambience/humidity,bathroom,ambience,humidity
6223,541141,FLOAT,bathroom/ambience/temperature,bathroom,ambience,temperature
6253,541509,INT,kitchen/fridge/contact,kitchen,fridge,contact
6632,541888,FLOAT,kitchen/coffeemaker/current,kitchen,coffeemaker,current
6633,541889,FLOAT,kitchen/sandwichmaker/current,kitchen,sandwichmaker,current
6634,541890,FLOAT,kitchen/dishwasher/current,kitchen,dishwasher,current
6635,541891,FLOAT,kitchen/kettle/current,kitchen,kettle,current
6636,541892,FLOAT,bathroom/washingmachine/current,bathroom,washingmachine,current
6686,541885,INT,bedroom/ambience_under_the_bed/motion,bedroom,ambience_under_the_bed,motion
6687,541883,INT,bedroom/weightscale/pressure,bedroom,weightscale,pressure
6896,542152,FLOAT,kitchen/microwave/current,kitchen,microwave,current
7125,542381,INT,bathroom/ambience/light,bathroom,ambience,light
7139,542395,FLOAT,corridor/ilifeRobot/current,corridor,ilifeRobot,current
